AA_pos,ref_AA,alt_AA,nuc_pos,ref_nuc,alt_nuc,count
226,P,P,12146,C,T,1
7,D,N,8948,G,A,1
699,G,R,21701,G,C,1
966,V,M,29811,G,A,2
759,F,F,26969,C,T,5
572,N,N,19257,C,T,3
311,V,I,12518,G,A,1
420,R,R,15734,C,G,1
455,G,G,15924,C,G,1
665,S,P,20981,T,C,1
98,A,A,9499,T,C,1
221,C,Y,12130,G,A,1
171,N,N,11541,C,T,3
1004,G,V,30247,G,T,1
337,T,T,15409,C,T,1
55,H,H,9370,C,T,1
235,F,F,12173,T,C,1
121,Y,Y,11274,C,T,99
247,V,M,12326,G,A,6
1002,N,N,30242,C,T,3
855,G,G,27940,C,T,1
236,S,S,12176,C,T,4
343,R,R,15427,G,A,1
492,R,Q,18737,G,A,2
222,T,T,12134,T,G,107978
851,Q,Q,27928,G,A,1
238,N,S,12181,A,G,1
413,H,Y,15711,C,T,1
765,S,S,26987,C,T,1
445,A,A,15894,C,A,1
491,N,S,18734,A,G,3
468,A,V,15962,C,T,1
339,K,K,15415,G,A,7
844,Y,Y,27303,C,T,1
628,N,N,19503,C,T,2
262,T,T,12373,C,T,5
959,S,S,29792,C,T,1
223,H,H,12137,C,T,2
834,L,L,27271,T,C,1
288,V,M,12449,G,A,1
293,G,G,12466,T,C,1
952,T,T,29771,G,A,6
6,D,E,8947,T,G,2
177,V,V,11559,C,T,3
992,D,D,30212,C,T,62
608,G,G,19443,C,T,1
101,C,C,9508,C,T,1
272,T,T,12403,G,A,153
658,T,T,20962,C,T,16
635,A,A,19524,C,T,6
284,L,L,12439,C,T,3
76,T,T,9433,C,A,2
428,D,G,15757,A,G,1
730,D,D,21796,C,T,7
456,S,S,15927,C,T,2
676,T,P,21014,A,C,1
607,T,T,19440,C,T,1
968,L,L,29819,G,A,1
807,V,I,27190,G,A,1
503,R,C,18769,C,T,1
571,D,N,19252,G,A,2
989,F,F,30203,C,T,2
659,D,N,20963,G,A,1
831,T,T,27264,G,A,20
390,A,S,15566,G,T,1
883,R,H,28023,G,A,2
823,K,K,27240,G,A,1
273,P,P,12406,C,A,1
128,A,A,11295,C,G,1
561,F,F,19224,C,T,2
219,P,A,12123,C,G,1
226,P,P,12146,C,G,4
905,E,D,28609,G,T,4
80,V,I,9443,G,A,1
501,P,P,18765,C,G,1
218,S,T,12120,T,A,1
16,G,S,8975,G,A,1
44,K,K,9159,A,G,1
680,F,F,21028,C,T,8
64,R,R,9397,G,A,16
343,R,Q,15426,G,A,1
73,P,P,9424,G,A,2
500,A,A,18762,C,A,1
814,Y,Y,27213,C,T,2
360,T,T,15478,G,A,4
831,T,T,27264,G,C,2
394,E,E,15580,G,A,1
43,R,W,9154,C,T,1
872,N,N,27991,C,T,1
378,V,V,15532,C,T,15
230,R,P,12157,G,C,1
6,D,D,8947,T,C,1
19,R,C,8984,C,T,5
969,R,C,29820,C,T,3
88,G,G,9469,G,A,1
230,R,W,12156,C,T,1
133,T,T,11310,T,A,1
701,I,T,21708,T,C,1
777,I,I,27023,C,T,1
623,I,I,19488,C,T,1
490,D,N,18730,G,A,1
470,I,I,15969,T,C,2
627,G,G,19500,C,T,1
97,G,G,9496,G,A,1
461,R,C,15940,C,T,1
252,G,G,12343,C,T,6
817,A,A,27222,C,T,3
199,H,H,11625,C,T,11
679,V,I,21023,G,A,1
641,P,P,19542,C,G,1
441,A,A,15882,G,T,2
883,R,R,28024,C,T,1
274,I,I,12409,C,T,5
115,P,R,9549,C,G,1
438,A,T,15871,G,A,1
84,R,Q,9456,G,A,2
713,P,P,21745,C,G,1
803,G,G,27101,C,T,1
933,S,S,28693,G,A,1
830,R,Q,27260,G,A,8
210,G,G,12098,C,T,1
670,E,K,20996,G,A,1
420,R,R,15734,C,T,39
927,C,C,28675,C,T,1
19,R,H,8985,G,A,3
177,V,V,11559,C,A,1
703,A,A,21715,T,G,1
676,T,T,21016,C,T,1
485,T,T,18717,C,T,3
588,A,A,19305,C,T,1
172,A,T,11542,G,A,1
724,M,V,21776,A,G,1
982,F,F,30182,C,T,1
572,N,D,19255,A,G,7
665,S,S,20983,C,T,4
558,G,S,19213,G,A,1
774,I,V,27012,A,G,1
368,T,T,15502,A,G,1
561,F,S,19223,T,C,1
217,R,C,12117,C,T,1
49,C,C,9174,T,C,21
96,I,I,9493,C,T,19
565,D,D,19236,C,T,33
9,D,G,8955,A,G,2
68,N,N,9409,C,T,2
399,T,T,15671,C,T,3
878,L,L,28009,G,A,12
251,T,T,12340,G,A,3
691,I,V,21059,A,G,1
450,I,I,15909,C,T,13
876,I,I,28003,C,T,1
64,R,Q,9396,G,A,2
18,E,E,8983,G,A,4
800,I,I,27092,C,T,1
613,T,T,19458,G,A,2
831,T,M,27263,C,T,3
243,T,T,12316,G,A,2
405,S,L,15688,C,T,1
941,N,K,29738,C,G,1
522,E,K,18826,G,A,1
698,Q,H,21082,G,C,2
413,H,R,15712,A,G,1
128,A,A,11295,C,T,2
