AA_pos,ref_AA,alt_AA,nuc_pos,benchling_pos,exon,5_intron_distance,3_intron_distance,shortest_distance,ref_nuc,alt_nuc,count
1002,N,N,30242,3160,,,,,C,T,3
992,D,D,30212,3130,,,,,C,T,62
991,Y,Y,30209,3127,,,,,C,T,4
989,F,F,30203,3121,,,,,C,T,2
982,F,F,30182,3100,,,,,C,T,1
969,R,R,29822,3061,,,,,C,T,1
968,L,L,29819,3058,,,,,G,A,1
965,D,D,29810,3049,,,,,C,T,7
962,P,P,29801,3040,,,,,C,T,9
959,S,S,29792,3031,,,,,C,T,1
957,F,F,29786,3025,,,,,C,T,1
952,T,T,29771,3010,,,,,G,A,6
946,F,F,29753,2992,,,,,C,T,64
933,S,S,28693,2953,,,,,G,C,2
933,S,S,28693,2953,,,,,G,A,1
930,R,R,28684,2944,,,,,G,A,1
927,C,C,28675,2935,,,,,C,T,1
918,V,V,28648,2908,,,,,C,T,2
916,I,I,28642,2902,,,,,C,T,1
892,Y,Y,28051,2830,,,,,C,T,2
883,R,R,28024,2803,,,,,C,T,1
878,L,L,28009,2788,,,,,G,A,12
876,I,I,28003,2782,,,,,C,T,1
873,L,L,27992,2771,,,,,C,T,1
872,N,N,27991,2770,,,,,C,T,1
870,P,P,27985,2764,,,,,C,T,442
855,G,G,27940,2719,,,,,C,T,1
853,L,L,27934,2713,,,,,C,T,12
851,Q,Q,27928,2707,,,,,G,A,1
844,Y,Y,27303,2686,,,,,C,T,1
834,L,L,27271,2654,,,,,T,C,1
831,T,T,27264,2647,,,,,G,C,2
831,T,T,27264,2647,,,,,G,A,20
829,P,P,27258,2641,,,,,G,A,922
823,K,K,27240,2623,,,,,G,A,1
819,S,S,27228,2611,,,,,C,T,2
817,A,A,27222,2605,,,,,C,T,3
815,E,E,27216,2599,,,,,G,A,1
814,Y,Y,27213,2596,,,,,C,T,2
813,A,A,27210,2593,,,,,G,A,6
808,P,P,27195,2578,,,,,T,G,1
803,G,G,27101,2563,,,,,C,T,1
800,I,I,27092,2554,,,,,C,T,1
789,P,P,27059,2521,,,,,G,A,4
778,T,T,27026,2488,,,,,G,A,104
777,I,I,27023,2485,,,,,C,T,1
775,P,P,27017,2479,,,,,G,A,10
773,N,N,27011,2473,,,,,T,C,585
765,S,S,26987,2449,,,,,C,T,1
759,F,F,26969,2431,,,,,C,T,5
751,G,G,21859,2407,,,,,G,A,1
748,I,I,21850,2398,,,,,C,T,2
742,D,D,21832,2380,,,,,C,T,14
730,D,D,21796,2344,,,,,C,T,7
726,I,I,21784,2332,,,,,C,T,5
718,A,A,21760,2308,,,,,C,T,11
713,P,P,21745,2293,,,,,C,G,1
713,P,P,21745,2293,,,,,C,T,1
705,T,T,21721,2269,,,,,C,T,9
703,A,A,21715,2263,,,,,T,G,1
683,T,T,21037,2203,,,,,A,G,1
680,F,F,21028,2194,,,,,C,T,8
679,V,V,21025,2191,,,,,C,G,1
676,T,T,21016,2182,,,,,C,T,1
669,D,D,20995,2161,,,,,C,T,4
668,I,I,20992,2158,,,,,C,T,6
665,S,S,20983,2149,,,,,C,T,4
664,T,T,20980,2146,,,,,C,T,1
658,T,T,20962,2128,,,,,C,T,16
656,H,H,20956,2122,,,,,C,T,10
653,C,C,20947,2113,,,,,C,T,2
641,P,P,19542,2077,,,,,C,T,10
641,P,P,19542,2077,,,,,C,G,1
635,A,A,19524,2059,,,,,C,T,6
630,T,T,19509,2044,,,,,T,C,1
628,N,N,19503,2038,,,,,C,T,2
627,G,G,19500,2035,,,,,C,T,1
623,I,I,19488,2023,,,,,C,T,1
613,T,T,19458,1993,,,,,G,A,2
611,P,P,19452,1987,,,,,C,A,1
608,G,G,19443,1978,,,,,C,T,1
607,T,T,19440,1975,,,,,C,T,1
607,T,T,19440,1975,,,,,C,A,1
598,S,S,19335,1948,,,,,C,T,3
592,A,A,19317,1930,,,,,G,A,26
591,D,D,19314,1927,,,,,C,T,4
588,A,A,19305,1918,,,,,C,T,1
582,I,I,19287,1900,,,,,C,T,3
572,N,N,19257,1870,,,,,C,T,3
570,T,T,19251,1864,,,,,G,A,1
569,T,T,19248,1861,,,,,C,A,2
565,D,D,19236,1849,,,,,C,T,33
561,F,F,19224,1837,,,,,C,T,2
541,R,R,18885,1777,,,,,C,T,6
535,L,L,18867,1759,,,,,C,T,2
509,S,S,18789,1681,,,,,C,T,422
501,P,P,18765,1657,,,,,C,T,14
501,P,P,18765,1657,,,,,C,G,1
500,A,A,18762,1654,,,,,C,T,10
500,A,A,18762,1654,,,,,C,A,1
489,N,N,18729,1621,,,,,C,T,4
485,T,T,18717,1609,,,,,C,T,3
485,T,T,18717,1609,,,,,C,G,4
470,I,I,15969,1564,,,,,T,C,2
456,S,S,15927,1522,,,,,C,T,2
455,G,G,15924,1519,,,,,C,G,1
450,I,I,15909,1504,,,,,C,T,13
448,K,K,15903,1498,,,,,G,A,4
445,A,A,15894,1489,,,,,C,A,1
443,E,E,15888,1483,,,,,G,A,1
441,A,A,15882,1477,,,,,G,A,937
441,A,A,15882,1477,,,,,G,T,2
432,V,V,15770,1450,,,,,G,T,3
427,Q,Q,15755,1435,,,,,G,A,25
420,R,R,15734,1414,,,,,C,T,39
420,R,R,15734,1414,,,,,C,G,1
418,C,C,15728,1408,,,,,C,T,2
402,D,D,15680,1360,,,,,C,T,1
399,T,T,15671,1351,,,,,C,A,7
399,T,T,15671,1351,,,,,C,T,3
394,E,E,15580,1366,,,,,G,A,1
388,H,H,15562,1318,,,,,C,T,2
378,V,V,15532,1288,,,,,C,T,15
377,T,T,15529,1285,,,,,A,G,4
369,G,G,15505,1261,,,,,G,A,1
368,T,T,15502,1258,,,,,A,G,1
362,T,T,15484,1240,,,,,C,T,42
360,T,T,15478,1234,,,,,G,A,4
351,L,L,15449,1207,,,,,C,T,1
343,R,R,15427,1183,,,,,G,A,1
339,K,K,15415,1171,,,,,G,A,7
337,T,T,15409,1165,,,,,C,T,1
335,T,T,15403,1159,,,,,G,A,7
334,L,L,15400,1156,,,,,G,A,1
326,L,L,12565,1132,,,,,G,C,1
318,I,I,12541,1108,,,,,C,T,3
318,I,I,12541,1108,,,,,C,A,3
317,I,I,12538,1105,,,,,C,A,2
314,L,L,12529,1096,,,,,C,T,1
305,Y,Y,12502,1069,,,,,C,T,14
303,L,L,12496,1063,,,,,C,T,7
303,L,L,12496,1063,,,,,C,G,1
293,G,G,12466,1033,,,,,T,C,1
287,G,G,12448,1015,,,,,C,T,2
286,T,T,12445,1012,,,,,C,T,10
284,L,L,12439,1006,,,,,C,T,3
276,I,I,12415,982,,,,,C,T,3
274,I,I,12409,976,,,,,C,T,5
273,P,P,12406,973,,,,,C,A,1
272,T,T,12403,970,,,,,G,A,153
268,E,E,12391,958,,,,,G,A,1
262,T,T,12373,940,,,,,C,T,5
252,G,G,12343,910,,,,,C,T,6
251,T,T,12340,907,,,,,G,A,3
247,V,V,12328,895,,,,,G,C,16
243,T,T,12316,883,,,,,G,A,2
236,S,S,12176,862,,,,,C,T,4
235,F,F,12173,859,,,,,T,C,1
233,T,T,12167,853,,,,,C,A,3
226,P,P,12146,832,,,,,C,G,4
226,P,P,12146,832,,,,,C,T,1
223,H,H,12137,823,,,,,C,T,2
222,T,T,12134,820,,,,,T,G,107978
222,T,T,12134,820,,,,,T,A,18
219,P,P,12125,811,,,,,C,T,5
212,S,S,12104,790,,,,,C,T,3
210,G,G,12098,784,,,,,C,T,1
199,H,H,11625,751,,,,,C,T,11
193,L,L,11607,733,,,,,G,T,1
177,V,V,11559,685,,,,,C,T,3
177,V,V,11559,685,,,,,C,A,1
171,N,N,11541,667,,,,,C,T,3
133,T,T,11310,553,,,,,T,A,1
128,A,A,11295,538,,,,,C,T,2
128,A,A,11295,538,,,,,C,G,1
121,Y,Y,11274,517,,,,,C,T,99
118,D,D,9559,508,,,,,C,T,1
111,T,T,9538,487,,,,,C,T,1
109,A,A,9532,481,,,,,G,A,8
105,Y,Y,9520,469,,,,,C,T,14
101,C,C,9508,457,,,,,C,T,1
98,A,A,9499,448,,,,,T,C,1
97,G,G,9496,445,,,,,G,A,1
96,I,I,9493,442,,,,,C,T,19
90,F,F,9475,424,,,,,C,T,1
88,G,G,9469,418,,,,,G,A,1
81,K,K,9448,397,,,,,G,A,17
80,V,V,9445,394,,,,,C,T,1
76,T,T,9433,382,,,,,C,A,2
73,P,P,9424,373,,,,,G,A,2
69,A,A,9412,361,,,,,A,T,171
69,A,A,9412,361,,,,,A,C,1
68,N,N,9409,358,,,,,C,T,2
67,P,P,9406,355,,,,,T,C,1
67,P,P,9406,355,,,,,T,A,1
64,R,R,9397,346,,,,,G,A,16
55,H,H,9370,319,,,,,C,T,1
49,C,C,9174,301,,,,,T,C,21
45,Y,Y,9162,289,,,,,C,T,1
44,K,K,9159,286,,,,,A,G,1
21,D,D,8992,217,,,,,C,T,2
18,E,E,8983,208,,,,,G,A,4
6,D,D,8947,172,,,,,T,C,1
